avg_reading_time,avg_video_time,quiz_accuracy,clicks,preferred_style
324.83570765056163,483.96132619516015,0.7035532445628139,17,Visual
293.0867849414408,455.47802097476614,0.5330049220701207,24,Kinesthetic
332.3844269050346,403.57782219521044,0.6744102669847396,21,Kinesthetic
376.15149282040124,361.1837933376656,0.5554990493956574,14,Kinesthetic
288.2923312638332,441.8933988168154,0.9041176050046111,17,Visual
288.293152152541,423.60912312530496,0.9738440129822354,12,Visual
378.9606407753696,453.71159320166396,0.5361582376289693,17,Kinesthetic
338.37173645764545,438.1103081009182,0.9775576036458506,11,Visual
276.5262807032524,462.97316291916013,0.7612882996683725,19,Visual
327.1280021792982,367.88588730636593,0.6497828389769369,21,Kinesthetic
276.8291153593769,479.0436439380595,0.5384310376380818,17,Kinesthetic
276.71351232148714,411.855976281544,0.7503121340352089,26,Visual
312.0981135783017,524.5156523575159,0.8972577722453743,15,Visual
204.3359877671101,358.64873091462596,0.853543238633349,23,Visual
213.75410837434836,504.157828189915,0.5251130057319868,20,Kinesthetic
271.88562353795135,411.8746470077589,0.5364509176839518,18,Kinesthetic
249.35844398327882,360.9149197831331,0.7014366413163186,19,Visual
315.71236662976366,370.9668499567407,0.6476452470239716,19,Kinesthetic
254.59879622393944,380.7791615083408,0.6161921615280239,14,Kinesthetic
229.38481493323542,425.449956784115,0.6405022494543569,30,Kinesthetic
373.2824384460777,431.37012928213,0.9017413716484424,21,Visual
288.71118497567323,365.5779997636853,0.9646140268159269,20,Visual
303.3764102343962,398.53872446434104,0.7025513472637832,16,Visual
228.76259068932717,528.5362215167117,0.9530555010662485,18,Visual
272.78086377374086,503.65259020604265,0.660747850623941,14,Kinesthetic
305.5461294854933,426.1794201804419,0.7382184931718958,15,Visual
242.45032112888487,402.280208690092,0.6130144989079999,16,Kinesthetic
318.7849009172836,407.2018796030957,0.820238021087922,25,Visual
269.9680655040597,436.811078363825,0.9894905575874045,21,Visual
285.41531251033615,338.63244608809566,0.8017465480216893,18,Visual
269.91466938853017,384.5574077545993,0.6789070420567744,18,Kinesthetic
392.6139092254469,299.8849555673446,0.8239087229952642,21,Auditory
299.3251387631033,423.95338735631674,0.5614603392326938,24,Kinesthetic
247.114453552205,438.8317563821645,0.9443295401326993,22,Visual
341.12724560515943,371.00881226203757,0.7515419753899182,16,Visual
238.9578175014489,494.439205797402,0.724674871019821,16,Visual
310.4431797502378,326.4540602198595,0.7929323942267597,24,Visual
202.01649380601123,312.1375071874108,0.8123919313947012,23,Visual
233.59069755507846,413.4671091135983,0.5358879031132565,19,Kinesthetic
309.8430617934562,462.8258981567293,0.8413086106117011,13,Visual
336.92332899977055,501.0356614874721,0.6209658401577648,28,Kinesthetic
308.56841405949854,372.4669442278636,0.8569763162532948,17,Visual
294.217585880588,464.72085000587776,0.9112673971920984,20,Visual
284.9448152205356,397.68949182995755,0.9019792537762601,24,Visual
226.07390048162864,389.64236200355083,0.7762504837039446,20,Visual
264.00778958026456,453.01959624920033,0.7600849461553756,24,Visual
276.9680614520106,439.13937270480517,0.5714379806697059,25,Kinesthetic
352.8561113109458,305.41647058094503,0.8876730752015678,18,Auditory
317.18091447842306,488.5924209835538,0.6357046902233572,21,Kinesthetic
211.84799223186332,482.80548124884706,0.7483477114089733,20,Visual
316.20419846973977,362.46623790942823,0.6421370464637584,10,Kinesthetic
280.74588597918415,423.74821200624456,0.5669141814998466,21,Kinesthetic
266.1538999847021,429.6418111769643,0.8147788484458682,25,Visual
330.5838144420434,415.6404259494344,0.5271660174114519,16,Kinesthetic
351.5499761247975,366.9816907692748,0.8743226170631,23,Visual
346.56400595580993,359.7025979237169,0.6587933976305583,21,Kinesthetic
258.0391238388681,398.4667557405133,0.5000673465022427,15,Kinesthetic
284.53938120743925,470.3637411555619,0.7555645696186148,24,Visual
316.5631715701782,432.61600927566593,0.5234259542638016,23,Kinesthetic
348.77725635611796,377.76314007483364,0.6380847789104498,24,Kinesthetic
276.0412881077355,446.3019226389007,0.8534882437278581,22,Visual
290.71705116680914,229.08744276219548,0.5313448108109329,28,Auditory
244.68325129969858,468.92594202232624,0.9196692461780012,11,Visual
240.18966879596647,295.61717327331405,0.5019099613292916,25,Kinesthetic
340.6262911197099,378.25354351581205,0.6234119346009511,24,Kinesthetic
367.8120014285412,332.81980632243136,0.8704520280760357,18,Auditory
296.39949392098333,322.31911145674565,0.6581350748646534,31,Kinesthetic
350.1766448946012,469.64960724271117,0.5509461940330067,28,Kinesthetic
318.0818012523817,371.93792792128653,0.6801169594002139,21,Kinesthetic
267.7440122697438,420.79023290384293,0.6351966431922628,17,Kinesthetic
318.0697802754207,397.18476526724896,0.9213559510802775,23,Visual
376.90182832329845,428.6224496333873,0.6566739587925716,23,Kinesthetic
298.2086980445024,404.6093134636153,0.8944662358880036,18,Visual
378.23218279070034,323.0204665486858,0.9459360724053674,19,Auditory
169.0127447955128,459.77600916682843,0.7169087097882647,18,Visual
341.0951252187612,370.37460501032126,0.9549715719271961,29,Visual
304.35235341190855,306.60508608041494,0.6886590269815964,18,Kinesthetic
285.0496324767066,374.31309034204526,0.9820392082450541,11,Visual
304.5880388267751,490.04558743805865,0.5446447622627865,15,Kinesthetic
200.62155426995537,451.0133045268096,0.8435096332516214,19,Visual
289.0164056081244,379.0808719355284,0.7469070202284643,16,Visual
317.85562857558733,379.04453774089427,0.6938244027278235,22,Kinesthetic
373.8947022370758,380.70189692695703,0.8163559393743005,24,Visual
274.0864890863176,524.6048790136505,0.8519285458171656,24,Visual
259.57531985534064,422.9161271338932,0.5021816348251545,22,Kinesthetic
274.91214782077316,425.80249883146416,0.5834765443735994,19,Kinesthetic
345.7701058851037,461.8170072419105,0.8565230253171594,17,Visual
316.43755548298424,414.3273495415908,0.8331927067891032,17,Visual
273.51198981164805,384.4574712507578,0.9830237525643386,15,Visual
325.6633716556678,388.2190090549013,0.8805188951253915,19,Visual
304.853877467402,395.7039244351562,0.9753863538656691,14,Visual
348.43224952664445,397.7666658094095,0.8512702507674035,20,Visual
264.89734530613237,443.6577726182188,0.6490261043197216,20,Kinesthetic
283.6168926701116,403.11675314843797,0.5526824611254282,21,Kinesthetic
280.3945923433921,443.95840463293473,0.8909119316724678,15,Visual
226.82425259339408,395.1570051934851,0.822074610737958,21,Visual
314.8060138532288,404.71811141896546,0.5240930061966481,18,Kinesthetic
313.05276360899444,280.1079589280736,0.6800252329504892,25,Auditory
300.255672832123,454.9796604821489,0.978399907742143,19,Visual
288.27064333124264,420.78930855387955,0.7502005728551007,24,Visual
229.23146289747928,459.8806065915791,0.7163645680098523,21,Visual
278.96773386173203,226.22467730837863,0.728849802579647,16,Auditory
282.8642741736615,525.3024822868437,0.6044413620025819,21,Kinesthetic
259.88613653891906,391.6246223106896,0.6843535854323977,20,Kinesthetic
291.93571441669957,466.490969004251,0.6849066279935883,15,Kinesthetic
320.2025428407269,337.60564437246813,0.5261775100937363,19,Kinesthetic
394.3092950605265,436.7664343037542,0.8837838142589591,10,Visual
308.72889064159193,336.7950662095806,0.7082522159519395,23,Visual
312.8775195361382,362.5738623582517,0.9110899434082116,16,Visual
296.2777042116916,514.8418812320072,0.9251740005599477,16,Visual
204.06143923504794,388.5590559541992,0.605997027349329,18,Kinesthetic
298.67430622753915,413.0459723907834,0.8286767410850643,25,Visual
303.01151049705135,452.20406384132525,0.7361409020814909,18,Visual
423.1621056242643,429.7409132783563,0.9400783689607426,24,Visual
290.3819517609439,409.0251343086146,0.607870339588227,16,Kinesthetic
315.07736711668065,421.8976601479735,0.838906600155022,19,Visual
298.26441151473784,544.2049351142965,0.8038760611263613,25,Visual
241.5660981190234,396.54287217798486,0.6476507387859164,18,Kinesthetic
357.14114072575103,412.06594280289806,0.5683004518255863,25,Kinesthetic
337.5966516343387,463.0392637604567,0.8258198802386383,19,Visual
339.5515973521523,466.331555977479,0.8692987290661653,28,Visual
254.53062726026306,471.2218183336228,0.6578136718816749,28,Kinesthetic
370.13971554680495,438.32381332175106,0.8224163020111569,20,Visual
229.90744686038596,331.419705236171,0.6975654538057516,20,Kinesthetic
329.3428546900135,498.00589193806576,0.8566034416413089,15,Visual
409.5227812904989,331.21927641887874,0.5996076374470265,23,Auditory
250.4731837434656,418.158127914342,0.9451075013180872,19,Visual
271.6851135198614,354.7434489988385,0.6437047982327899,22,Kinesthetic
304.98256825438204,396.1516992044204,0.6838929938780764,18,Kinesthetic
274.82621729419003,419.7257446182088,0.5290459760401749,19,Kinesthetic
222.46682844669337,419.2814329270164,0.5557561061606382,25,Kinesthetic
303.42814874030137,425.3152452541171,0.7579309513561641,18,Visual
246.88481431369476,496.82267614351883,0.6337963383639857,13,Kinesthetic
323.6796215317591,427.2120580908388,0.9177401128710971,19,Visual
254.02878828830984,385.3506018825611,0.5073466943274769,22,Kinesthetic
377.496720250877,457.84523009730145,0.689547024335968,19,Kinesthetic
260.83733538318813,471.3682293354784,0.6686727733845463,15,Kinesthetic
283.89692418971623,326.34353109178045,0.5096638154588005,21,Kinesthetic
340.6758608684835,435.8440041909915,0.5621841995002551,20,Kinesthetic
238.45678417830223,442.0703645386539,0.7068213374593176,31,Visual
311.37299673020647,382.1461897984005,0.7464322922237233,27,Visual
365.3571377141214,482.5424087986972,0.7021448736274345,22,Visual
219.62583827193862,390.9966647780484,0.7654688392060469,24,Visual
309.2316929266152,407.5345872082925,0.7975658374528407,22,Visual
312.9941397124212,389.6156905429678,0.5049619105639178,23,Kinesthetic
339.0911435888655,400.93474285488804,0.7320475797267519,20,Visual
238.1524644560959,334.2234947862879,0.9817496204437941,19,Visual
233.9771693457862,313.59694704434236,0.7595161400647743,27,Visual
326.09707828084487,495.6703037934983,0.8387711337294765,25,Visual
314.8492336616593,349.1823191009003,0.6559319289584415,20,Kinesthetic
312.52464251729384,340.5164590326216,0.8869956890763813,21,Visual
317.32241047484877,270.7965931837771,0.8864607409380576,9,Kinesthetic
265.99876392107547,361.6622951386299,0.7606480238270694,32,Visual
311.61268485805016,320.6146123955501,0.9880069116396069,23,Visual
314.65362366493406,498.52090960818214,0.5627751073813267,22,Kinesthetic
264.28242909868163,460.589025360558,0.5084738324447905,30,Kinesthetic
393.28872555723785,358.7109792893366,0.885079105878548,24,Auditory
323.6916460455894,535.1461483206585,0.9035777686824413,21,Visual
240.43482513986757,458.90592921949565,0.5601036145602881,23,Kinesthetic
332.8276804316915,380.51011698948264,0.632791416479303,29,Kinesthetic
251.26591648863393,250.03565710758562,0.5087761816833145,22,Auditory
339.3542301871226,537.4565543554445,0.6466543053902823,17,Kinesthetic
357.9297789503702,316.62565199418424,0.8865709369593358,19,Auditory
258.9658840824145,301.2760751825865,0.7589802638562895,15,Visual
348.1688064622161,461.3542259205784,0.674047796584144,12,Kinesthetic
320.6390463468249,546.3851443803563,0.6858696474531651,13,Kinesthetic
341.10300799972447,483.05636911063107,0.5006768128577341,22,Kinesthetic
394.8396491326974,433.8345472031416,0.6499002637826179,15,Kinesthetic
287.73059419985645,435.68526049991715,0.8232293708189653,35,Visual
262.3131917821255,451.2049335268185,0.9870972219081786,28,Visual
255.52427851872383,445.5357153872059,0.9235304134919498,10,Visual
259.2094857517281,416.87148543816255,0.5117974823227646,21,Kinesthetic
296.1449145292948,406.25206623711256,0.9492803023374197,17,Visual
317.0575987408322,396.2444123260287,0.891599206649313,21,Visual
313.8345399665009,354.76212466799944,0.8901880617854903,17,Visual
341.3591624518012,383.15949538799356,0.7289978795017857,17,Visual
300.65009459389535,298.42259114827687,0.6990026464772514,18,Auditory
372.67670385786585,394.099622392315,0.6514578644165963,10,Kinesthetic
286.7671583381022,340.68453357094495,0.5328474294771829,16,Kinesthetic
436.00845832948096,333.78464096705375,0.6141176817468496,13,Kinesthetic
331.2833673882503,410.7936490692087,0.6233018174890124,18,Kinesthetic
257.1421221791859,483.520137180676,0.7420385348551009,12,Visual
246.45537509694438,455.0989963601388,0.8737222032983469,24,Visual
324.12362076215925,305.76996378260935,0.7369049141989733,20,Auditory
288.82686073370746,340.62231180577976,0.5289222247235803,18,Kinesthetic
335.70002470460463,456.44627127929294,0.9788949004941019,20,Visual
323.66188122867726,341.0507563877014,0.9713621595470561,21,Visual
296.3585543671564,386.5220110001785,0.8925947715742042,24,Visual
257.6603140965798,433.0031259414731,0.9956639507821103,14,Visual
224.25763876570676,341.8993327081819,0.7722411664001314,18,Visual
277.67425239664897,406.3225303687576,0.981384175126603,22,Visual
342.8199397161736,319.95847030490773,0.5378025203083754,23,Auditory
310.7046872065102,363.9179413629272,0.6828403741306857,22,Kinesthetic
237.7130610644006,419.18691604855223,0.6126906340033829,17,Kinesthetic
308.6590462925591,304.42037598809986,0.5979165420671351,19,Auditory
319.26586898644183,426.42848427762397,0.570401474446338,22,Kinesthetic
255.80712818994334,398.8217320643991,0.8112068207829983,22,Visual
307.6862552972764,433.1493972650289,0.8906609278736526,19,Visual
302.9104359223,413.4348480438797,0.7891491997101803,23,Visual
242.85148510846884,481.84842579843064,0.5734813547941049,22,Kinesthetic
317.88936801741414,407.51347015887444,0.9055618849667355,22,Visual
328.0392263184117,374.2356675324848,0.8179773535818642,26,Visual
354.1525621587638,407.33785018193703,0.6940828530634977,20,Kinesthetic
352.69010260174514,432.5978817421833,0.8370651477680315,19,Visual
231.11653160214544,402.93160421954224,0.6299524896214164,18,Kinesthetic
253.10874800424386,402.43550147223294,0.6725961042471053,25,Kinesthetic
325.75176336043296,357.8804987315947,0.958742921565995,28,Visual
325.68929754561043,360.2259449469431,0.6452522528357102,25,Kinesthetic
325.7523843153024,315.8436836920184,0.7349941340789683,24,Auditory
492.63657453273606,504.97460459121635,0.9450705686980073,25,Visual
328.54452553465836,325.3682058765229,0.8538606751337637,17,Auditory
356.77828200902997,358.42568813224557,0.5311016130823514,24,Kinesthetic
347.7000881746601,356.89556406584813,0.5736515221394851,26,Kinesthetic
332.5695625652899,453.6954626166665,0.5039207953859584,22,Kinesthetic
284.2365377679827,382.30301930247833,0.8154608951145816,18,Visual
337.9484610246634,474.864524360424,0.7238367127052092,21,Visual
261.3587392731214,359.5905625453679,0.5671374254511378,22,Kinesthetic
288.15906966299957,416.7396497334281,0.9789670605283852,19,Visual
275.7318226085448,349.87917680441456,0.76482986197281,24,Visual
304.09370696931614,528.7089476664033,0.6209466470564446,23,Kinesthetic
415.73292833367543,328.74409485822923,0.7503017855773537,22,Auditory
206.6367403704126,418.58924261362165,0.8398101663675539,16,Visual
334.31300951872566,438.0266128559259,0.5381196089867822,14,Kinesthetic
219.36420644051742,424.8279458470899,0.637351907523946,25,Kinesthetic
276.4034067105283,388.8827404673375,0.9034827454419968,23,Visual
354.4475298483683,392.21075801599443,0.7298324352013306,20,Visual
303.21400095477316,402.6286883187466,0.7732885710161475,18,Visual
246.1127611035347,391.1798799022907,0.7164080011047347,17,Visual
264.23481453700157,457.8327470076946,0.5219499713215026,22,Kinesthetic
333.9798874467338,532.6313800954811,0.582874889910078,21,Kinesthetic
263.48166841414314,366.55049289953,0.7227708193709454,17,Visual
310.8229294790987,317.81182122525536,0.604592732703964,32,Kinesthetic
302.2785919951907,394.7030770989247,0.5249895143298393,26,Kinesthetic
267.4199826197091,554.7825602592591,0.9218248320259119,21,Visual
407.19720446626627,351.7795259218162,0.9905962645820579,12,Kinesthetic
331.6959511159006,498.3470083266441,0.8965714369983697,21,Visual
198.74287066711963,500.6620488445864,0.9268924608523335,28,Visual
309.3227157384714,366.78470549752035,0.6209885651585227,14,Kinesthetic
266.9106767615806,434.13898475111654,0.9803134877565999,17,Visual
342.6216667398112,497.70379738771226,0.5984628522267141,24,Kinesthetic
260.37396307836497,377.2523355407508,0.9757149051809162,17,Visual
294.26317792665503,387.7851783938583,0.9974096469829755,17,Visual
325.24936394902284,365.0991451630814,0.8558614028730244,22,Visual
343.2877597085061,339.11459615842796,0.990571865895911,21,Auditory
239.9851796472112,361.04334729603954,0.7847698897835518,23,Visual
283.2749382079526,326.5635839942646,0.6297708915880451,22,Kinesthetic
276.2527344419522,402.04500809555356,0.7184979428328104,18,Visual
267.3335383713144,353.8016061364815,0.796780467689393,13,Visual
388.27271201405483,414.0271547074449,0.5365407810135074,28,Kinesthetic
320.2490855480478,306.64626122778236,0.8111716323086231,13,Kinesthetic
236.95580228324775,419.85281393286743,0.9905889183811473,23,Visual
345.8930973527388,450.0117376965355,0.5950538248918638,14,Kinesthetic
406.10780985063167,280.37586144571264,0.8962975581441917,23,Auditory
351.62326302755736,422.44339419085435,0.9539493968898096,16,Visual
224.03150170229932,473.6601395483975,0.9718507964101104,20,Visual
275.78829635668745,327.42153887852766,0.9800678022027236,31,Visual
363.34555745933113,500.3543432102622,0.7607298193607359,20,Visual
264.61652671906097,425.1411405619627,0.9886539539957518,21,Visual
322.1909714073114,357.6992886544955,0.8786551035672194,21,Visual
338.73170267146685,396.65385534053763,0.5808357181184809,16,Kinesthetic
253.65347642109586,433.49961475130334,0.738450053233985,17,Visual
297.02373219691,404.5603234847447,0.859165587686002,19,Visual
137.93663299654636,432.3253595467821,0.6236701579095416,21,Kinesthetic
248.7806179332855,344.759584415238,0.8203075917744437,18,Visual
287.371592430342,410.1616494421647,0.8333002395233096,19,Visual
237.6108409017575,315.1771301857012,0.5813498719042829,22,Kinesthetic
381.62056519658177,393.32643631907797,0.7825426562263782,14,Visual
228.49293110196837,345.76554151211263,0.8858134554893038,14,Visual
277.9977756651508,355.868203444614,0.749447832267971,23,Visual
306.53702886430455,474.16559051262624,0.5060515583880537,20,Kinesthetic
372.06366445330576,465.4786072356561,0.5045192345396461,22,Kinesthetic
228.20689244102803,436.54828725443065,0.6785146719850061,19,Kinesthetic
358.158187607748,334.46123411964527,0.963097034215891,25,Auditory
300.51165305097936,381.0154930183119,0.6143383898018044,13,Kinesthetic
250.92456744760244,472.785861998751,0.8171818444358436,21,Visual
323.10517371316354,408.50301481839426,0.6110379353466603,13,Kinesthetic
309.9529847786735,539.1597723989016,0.6608349948297743,13,Kinesthetic
269.98915614206027,423.5990703636623,0.924021044800742,21,Visual
303.490104249501,411.5229469894019,0.8644307211349734,22,Visual
280.73432015691196,381.4530121478499,0.5476996386566053,23,Kinesthetic
305.6758672625624,408.01245428693693,0.7143510104932168,17,Visual
333.10653372605236,390.85180981716735,0.5145848818226322,21,Kinesthetic
379.3008408072676,442.4865206013154,0.7404450733015044,18,Visual
238.10922505865756,457.40213900767503,0.831217005850534,19,Visual
406.65166873281333,352.840632369523,0.5592513117990758,23,Auditory
202.3956100238749,320.1260227865333,0.6444424694545828,18,Kinesthetic
292.41074524822085,289.8276776138022,0.6989183127510785,23,Auditory
329.41586032422885,430.4794796147526,0.9597655123280249,22,Visual
314.0495933867516,333.7980036295676,0.996627507711482,24,Visual
268.8650240089703,270.826564422851,0.5224556494978079,19,Kinesthetic
289.5938874821362,423.31471627185783,0.880503961747696,16,Visual
275.34995326705837,549.5799710459675,0.6858620332011716,18,Kinesthetic
270.53176215278944,399.6357453076064,0.69622909311474,18,Kinesthetic
342.48010485105124,450.3094464670985,0.8771324866735113,15,Visual
317.85077429825236,404.9097615128539,0.9592132160727043,18,Visual
265.3545202369673,394.06662080853147,0.9754642972512741,14,Visual
344.9799937716625,455.14458897926613,0.7885612930191603,19,Visual
315.36497604383044,382.58352734868095,0.6785605796502514,22,Kinesthetic
340.643105941948,416.0435388443142,0.8937745429293896,22,Visual
331.4814420961806,419.3018683717608,0.6255006916311501,15,Kinesthetic
258.5502494538964,359.91457278141706,0.7820370144167589,21,Visual
271.99094799015154,459.5225409721914,0.6792892307624365,19,Kinesthetic
337.36468025616307,389.5024145982755,0.8283155368539381,14,Visual
330.5185132716732,354.6552904304293,0.6201994564467534,15,Kinesthetic
298.9549203017926,432.1905906142242,0.5957964728674129,16,Kinesthetic
305.8663691654391,346.09192109253775,0.9591195433377185,21,Visual
363.88324478942127,401.6908694421477,0.5509018414747684,26,Kinesthetic
270.4214305582085,399.4528602013478,0.7529789538674658,18,Visual
327.3548690585019,465.1537339498947,0.6104263914815045,20,Kinesthetic
289.8903673783053,428.48189397279714,0.5194649816628337,21,Kinesthetic
289.115939838639,398.49838247529135,0.5180094091457133,19,Kinesthetic
354.93884259935953,449.06597795201725,0.5876108860529137,14,Kinesthetic
341.2708174494015,483.4124529410388,0.9333851772530002,19,Visual
340.67548180003195,433.46861838111175,0.6412393719885133,24,Kinesthetic
365.27394035771647,400.62115719060284,0.9752295852876478,25,Visual
301.05019208163793,321.28982605899046,0.7908111464945968,20,Visual
334.09764856474817,336.0931802154777,0.718307094884383,34,Visual
284.4866621703272,381.68651773871994,0.7900444173347273,23,Visual
316.2083176244221,363.429267870443,0.7583491926131338,19,Visual
293.49284728161575,388.78172182087326,0.8793881268786625,22,Visual
304.8497982496359,403.3989954938264,0.6412480329864261,13,Kinesthetic
329.75785127184565,431.78156526140384,0.6765251958001512,17,Kinesthetic
259.0889658383264,395.7700733164545,0.9470471512666254,19,Visual
404.619363784273,429.1900986295721,0.9732282565752027,18,Visual
249.6991309250149,403.8684648886072,0.9462791137432373,21,Visual
239.2905693606134,281.47200601876773,0.7097239969786568,18,Visual
357.9055436750034,343.63987637087473,0.8901827515034408,19,Auditory
339.5831346981468,391.35474665670307,0.7381678666505493,21,Visual
331.2059908526078,327.41831542953355,0.7487699260730512,24,Auditory
331.41727546321397,435.9957237997723,0.6023400545286419,25,Kinesthetic
299.3876613576543,491.84504994062183,0.7955651516292582,24,Visual
255.1372814257084,473.125711101839,0.5930679488766739,19,Kinesthetic
303.79022790968634,387.19342774418755,0.6657823495335968,20,Kinesthetic
266.14191442439443,489.4435682109971,0.9275151008099676,16,Visual
348.7559866708876,408.9200474321267,0.6035379046054277,21,Kinesthetic
292.6471309248931,379.77484173291765,0.5355791425867165,11,Kinesthetic
258.7251401603744,363.19584018754364,0.5345037963064081,24,Kinesthetic
283.93070791735033,381.8518188107123,0.970392260251554,16,Visual
320.6465727137812,376.7093908875263,0.7534602189809173,12,Visual
271.81377235980125,410.22497334252927,0.7047060359085091,15,Visual
258.8889802216784,409.6344388629919,0.9054392905039592,16,Visual
312.18436057459564,400.18276120920484,0.917912963955258,10,Visual
312.24832855543616,426.216290184781,0.6660955165578023,20,Kinesthetic
274.6528412314435,471.43877648718046,0.8468090287368977,18,Visual
276.44808471908385,456.9732481264794,0.8855614079259433,14,Visual
311.6024968678818,310.9061218930058,0.8273253434329773,11,Kinesthetic
227.5957829251338,246.7647319058827,0.5757975374000497,21,Kinesthetic
229.62681128117225,456.05919467435643,0.9379415417585285,26,Visual
264.0777889373782,317.9872780950747,0.7695472763680044,31,Visual
289.32764241440765,386.514075886439,0.6412362131850018,13,Kinesthetic
315.5453782799002,329.79321843643845,0.7126140927188469,15,Visual
373.7678108474776,291.8811737451988,0.5187855451994536,22,Auditory
342.88298116010094,432.4877636922873,0.5639334006112088,29,Kinesthetic
292.0030735018286,445.5493096181588,0.8827733752579304,17,Visual
299.04918960486555,365.40937595639684,0.5000058173776831,15,Kinesthetic
249.87353176810956,244.53746247130542,0.7082829142411461,14,Kinesthetic
299.0743432003805,367.225333104851,0.7612550905427942,16,Visual
285.56706805399307,423.5082403241528,0.5273172100004861,30,Kinesthetic
316.1359280169045,311.2653058735523,0.9865390814861664,18,Auditory
258.63845282238384,411.00159518674934,0.6130626656248359,12,Kinesthetic
325.9673257120586,399.0814090496203,0.6520993598181404,22,Kinesthetic
376.6369456501289,434.7574899760653,0.6519712561275137,19,Kinesthetic
294.5619925771571,407.17482210484917,0.6152083310586749,19,Kinesthetic
320.0855861049471,341.61586354710664,0.5007369110431557,18,Kinesthetic
334.5071995855556,471.7942900998695,0.8646723970439982,21,Visual
279.93897640570816,390.4882256183818,0.9834227498996426,17,Visual
311.20462409052084,398.3617276294041,0.6121467416425226,16,Kinesthetic
300.62962003908973,344.00392245560823,0.8315235959017112,15,Visual
304.8838049274416,373.40306492850937,0.8709481634793576,22,Visual
261.3495108072267,346.91183715838594,0.9242126895452624,20,Visual
301.22550871294715,389.62323640459465,0.7113145985068046,12,Visual
324.8999145622725,502.70250880854064,0.6514654528202146,18,Kinesthetic
372.5571803897521,317.6859314241186,0.6626475670115155,16,Auditory
347.96354130426033,303.1863161273955,0.8563106665492564,15,Kinesthetic
407.65912287557785,488.2702196496165,0.908389733252818,18,Visual
261.6326218555975,387.44057937088803,0.5908069838783013,19,Kinesthetic
343.6160318360339,359.855635680405,0.6854705040788827,26,Kinesthetic
309.1671002869176,462.39428124376457,0.950970098374575,23,Visual
409.4901466608836,363.6630676157881,0.9033467598473697,19,Auditory
259.5850857322424,509.56058281281616,0.9924292013812379,19,Visual
258.0139078909612,440.67555228035616,0.8771241298410404,22,Visual
270.0303677277989,370.72531551125786,0.6965976005139611,14,Kinesthetic
193.80521378450965,529.4384927959302,0.7953189169973189,16,Visual
273.71224891596194,363.6571046197997,0.8305071271236601,22,Visual
262.0433669223151,444.52572232055843,0.539227908158562,19,Kinesthetic
307.5196893238104,417.9575548243895,0.7722484795519325,21,Visual
317.087798788858,478.1044773639279,0.8546604142363048,15,Visual
393.8085419607943,493.69067180361117,0.5836606520005302,21,Kinesthetic
347.5211919093025,401.920248943946,0.8903158587127786,16,Visual
271.15481721687985,354.794927779229,0.7918863902570559,24,Visual
255.0792664325821,427.598328576347,0.9761108928487974,17,Visual
324.5959585753253,359.3370778148736,0.5212111491034459,21,Kinesthetic
233.9883396489679,520.8032348515974,0.6326630687777335,23,Kinesthetic
391.5729382927177,408.19211986496424,0.800776939649912,20,Visual
358.97200603606433,378.0807069212735,0.6482799561029653,17,Kinesthetic
276.5412173947648,411.0808183518945,0.857212082035621,21,Visual
214.34327354545613,319.1724226282182,0.8795026412609654,17,Visual
367.69361870827066,341.7031576893609,0.5512579820332373,20,Auditory
294.2730077373691,472.02483447666555,0.7569272321033839,23,Visual
361.8908155986731,360.58634326171625,0.754445277795528,15,Kinesthetic
220.27861706028165,337.1853410390836,0.6846403851077705,13,Kinesthetic
270.03124885231136,432.19916515163715,0.966462431284836,21,Visual
300.26218498590913,471.14224927977983,0.9137531599366107,20,Visual
302.3490296882371,443.137198639904,0.8486046909548184,15,Visual
277.4967264260378,459.762861148349,0.8571633178674988,26,Visual
331.14249661737495,354.59229468583237,0.7308580719065596,26,Visual
246.61897853087027,314.6913599954894,0.960497260548288,25,Visual
292.8810257489353,490.0800191173292,0.8472977136266426,21,Visual
306.01478158559496,380.6392096694719,0.8644905308279083,17,Visual
325.72194170293744,384.95001901269717,0.9308454518936726,16,Visual
335.5807439044445,479.6916485109435,0.6370357946710955,21,Kinesthetic
243.76789540810654,433.3738005640396,0.9035354519333515,19,Visual
223.29429146321888,427.3532663248965,0.597620301478246,12,Kinesthetic
363.88384109492546,529.900140694065,0.6726709761224439,15,Kinesthetic
316.6157005989796,361.3889061771914,0.6678052271349213,16,Kinesthetic
262.5756731721723,455.67040768487425,0.9892627341945703,19,Visual
377.55759877612616,403.42078749382506,0.9282686118739634,22,Visual
305.78373171464295,416.11553673179543,0.8505849307951299,28,Visual
358.96485920319134,491.70810558475193,0.863528380807695,15,Visual
303.37592407050545,430.47014537737743,0.7810363972012855,19,Visual
403.03739624409934,432.29776474297796,0.9735453335542595,22,Visual
387.7670421221602,464.35044023858813,0.7481293764411807,23,Visual
287.5517925760463,378.1028362274269,0.6902588549349473,26,Kinesthetic
348.5785475477178,349.6474199596596,0.5815176684657954,16,Kinesthetic
332.2687974792574,337.311448358738,0.8931028261305289,20,Visual
368.43157787661744,282.0186046374399,0.8672219660377958,16,Auditory
251.7538269709948,523.3724277964193,0.6921775192620674,24,Kinesthetic
334.30257299992195,333.80749805669905,0.5125967069796147,19,Auditory
352.9212243424794,386.7247825848537,0.9194986638590054,29,Visual
212.06302567884427,383.39120200666474,0.5057089917270368,24,Kinesthetic
240.83707436671125,418.44440186854604,0.8518498898145255,18,Visual
198.03839111199497,448.94423275235783,0.9851285548630285,22,Visual
286.5296582777721,451.6284093015847,0.7188306640741018,21,Visual
335.8771127897981,365.0153536858637,0.6174867024979764,20,Kinesthetic
375.1178526048014,389.9726971728153,0.8524355050216909,19,Visual
303.70473902098877,416.954797029298,0.9085640710077926,23,Visual
381.4307772785646,385.07853242898716,0.7732151580389237,19,Visual
230.99492708925544,496.4407345611996,0.9835176376280731,27,Visual
214.83087803224225,429.4584970982951,0.5258343608289806,25,Kinesthetic
297.22261505516906,444.0926671629891,0.7523977991522641,31,Visual
319.20327244696534,439.77287612004477,0.859226973661275,18,Visual
298.36526259529535,470.40843144911946,0.9313202355745895,20,Visual
196.62789499800618,410.8612935222224,0.5896278059538951,16,Kinesthetic
295.5439980243606,322.1900831226492,0.9000017408818407,17,Visual
234.77652497475734,423.9812771051585,0.7763535378592726,14,Visual
333.48362744150194,360.91858637249027,0.6982768409949816,29,Kinesthetic
318.3299123048424,368.2829990950146,0.5658575142895468,18,Kinesthetic
253.00601068363224,435.1818411253056,0.9326478794544562,22,Visual
274.30665413316535,474.29698428601813,0.5786366040898576,14,Kinesthetic
247.0393239055524,401.2762946041637,0.6548939296045496,18,Kinesthetic
296.8660451363414,418.5299807559378,0.6450227659812184,29,Kinesthetic
347.7571160250619,502.13289667811426,0.9357070170954271,26,Visual
250.71369768322282,414.4451907693141,0.836351497104449,23,Visual
325.20232577589223,556.1009868508237,0.8983406985956861,22,Visual
273.48711908137795,433.93057873789263,0.6252339493962495,26,Kinesthetic
260.3563583868828,294.35423445065095,0.8124370498034994,20,Visual
294.6484820022721,445.20049726627195,0.7858729915718743,18,Visual
248.2378838790313,422.8695030929667,0.9164151883941356,25,Visual
272.3175347326409,477.38516524496475,0.9530435302406303,15,Visual
240.10610537055757,440.3908810761975,0.5060783857386935,20,Kinesthetic
398.2362566458195,391.69264096097356,0.8370099595293963,19,Auditory
301.7631775985864,326.54210582263806,0.5259178995598646,25,Kinesthetic
265.0137246003707,387.4586045628385,0.774429332538678,22,Visual
310.6989955367111,348.968772747442,0.6438163645218391,18,Kinesthetic
294.3835975154585,365.16859301171667,0.6533882997610706,23,Kinesthetic
288.95152002333884,435.31470426523657,0.6764792517261783,19,Kinesthetic
330.7083350021713,500.1942702610844,0.8106462245248051,22,Visual
337.87538550236525,423.6802917893789,0.6670249828343846,17,Kinesthetic
273.4749426194736,328.247016277889,0.8663495252951402,29,Visual
271.209087967766,426.67616009320847,0.7022636927869348,24,Visual
286.2474151424178,471.7978891987391,0.5341766001549793,14,Kinesthetic
184.90394176322076,363.41302574083704,0.8918799212420536,18,Visual
224.2404468900724,391.9589699996249,0.642879162296353,18,Kinesthetic
368.34371337222626,400.88129168375184,0.7163834397996314,19,Visual
382.2483856750642,352.9061012150656,0.8427219416109508,20,Auditory
287.5481980221811,438.89682603063153,0.666228078574356,16,Kinesthetic
328.8278481527883,392.7431110835331,0.5282928280733579,22,Kinesthetic
315.5625077271768,425.17194663442166,0.6869605235064068,19,Kinesthetic
453.9440404227619,346.750469331874,0.9722242913471517,24,Auditory
355.97874557172884,373.75250198059535,0.820867198649279,25,Visual
293.6041204259617,443.3428814696663,0.8357395743336035,19,Visual
252.22297796997873,377.63001087449396,0.81614107681882,16,Visual
219.67768398712138,503.6178310740043,0.5994960694797185,20,Kinesthetic
310.17318179336115,376.02182886312386,0.70916693205114,19,Visual
262.18246273578484,413.48108354511317,0.8754698991816592,18,Visual
228.8873145201163,455.9554499123854,0.5506864487765796,16,Kinesthetic
267.67135578787367,314.8980560240181,0.6389263880448561,16,Kinesthetic
245.92259981928026,294.35147128115347,0.6381595542329268,27,Kinesthetic
384.3570817536282,308.4606211257943,0.7160094637972529,23,Auditory
344.08198784747253,475.75504620563095,0.9901843704710925,14,Visual
299.6013679341691,366.88851124645316,0.533751273341911,19,Kinesthetic
373.9972069445013,553.4919571400951,0.7593504971902976,20,Visual
303.86841538238093,366.1451440805567,0.5896823410061052,18,Kinesthetic
256.9357899335868,411.0730781918222,0.9853382727048721,23,Visual
376.15620386348286,492.52659715407253,0.5566517523637321,16,Kinesthetic
326.9455021842329,520.3655732895473,0.7018005011807956,15,Visual
248.13769228367718,523.6902145981838,0.868942492417303,18,Visual
290.4830660958196,472.50197383558856,0.8522772140137227,18,Visual
256.21908733076214,461.4437515486877,0.7113643184469661,22,Visual
230.8600134517832,435.55161695207096,0.6732620839763591,24,Kinesthetic
346.3088773765821,446.7016645699983,0.6988061892764352,26,Kinesthetic
395.47083202350655,366.928857020288,0.6321381315793196,23,Auditory
230.07162130904294,350.90806699466157,0.6026664693533998,16,Kinesthetic
328.1484618345285,399.79753255534285,0.741519848779445,18,Visual
267.46787154390864,389.7889226485043,0.6342668780338037,16,Kinesthetic
275.6437308117652,372.80631704036347,0.6437308324486251,12,Kinesthetic
270.38030378805655,441.7832468474029,0.8283780317372785,21,Visual
256.8004615160092,457.3183125142306,0.9842686658499461,19,Visual
302.4260813972414,405.30441317751087,0.8018186002796875,20,Visual
258.4524941794481,488.6518048633157,0.5384897335324832,11,Kinesthetic
313.5228412889919,331.4986531519897,0.5377918069270335,17,Kinesthetic
297.4880945275431,388.38043244321693,0.975711610422783,15,Visual
288.0525976566795,356.9906607638317,0.6486453951536668,14,Kinesthetic
254.6218168979201,288.0078029756164,0.5460334930412377,14,Kinesthetic
271.16143347158334,395.039158849438,0.7995222935751908,27,Visual
337.7695612912878,392.695149497003,0.8118243891451331,25,Visual
325.04585938121903,490.8069845945279,0.824252410059344,15,Visual
251.12223776007244,437.84870107328663,0.6337010139287707,27,Kinesthetic
304.9666152714613,338.5487905402477,0.5075553421072375,26,Kinesthetic
337.5693561685895,511.2455539800513,0.9825076847272359,17,Visual
216.52973594393143,473.26202173152114,0.6254465228455512,18,Kinesthetic
327.16800961899673,434.92586220811694,0.8380131440262737,21,Visual
266.86881205270765,386.4109540690101,0.8533149349393547,23,Visual
328.52993342965794,342.43364579659124,0.8050037085397428,17,Visual
261.83704217287413,377.6675934357368,0.6564536971068241,24,Kinesthetic
209.75589496677406,465.32491718225117,0.6355481268820329,22,Kinesthetic
218.62287810584186,513.0751783560765,0.7988341413513516,21,Visual
302.4042473330691,492.59461169633136,0.9330478168058458,18,Visual
312.9861250860741,370.6690346928236,0.9733668644616977,9,Visual
254.78416874477958,332.82295400265934,0.5529529022018789,18,Kinesthetic
331.9296229388687,408.45317481467225,0.5774143062988599,15,Kinesthetic
216.923996886552,293.8936380662289,0.9723681293915398,30,Visual
296.6960100676342,419.3900628510869,0.8682676141673963,24,Visual
239.44919001187716,391.14384482207987,0.9414969124148865,24,Visual
267.40819460989206,372.03780988790544,0.6013163170676716,22,Kinesthetic
302.3699335658207,304.3178159639923,0.7937929355547009,22,Visual
256.97933173580236,430.816006394183,0.8505697972087368,12,Visual
280.7722227885087,368.0379496202853,0.8400559427234864,17,Visual
350.31464046072205,329.80498985738274,0.7040758454333491,18,Auditory
271.15540652384254,227.66426720310105,0.5076974458456542,21,Auditory
341.7846056032571,398.34910569696183,0.7914630284021316,18,Visual
243.5146572671191,506.33509580018466,0.6265507695898044,15,Kinesthetic
326.4902088957641,499.67555287287223,0.7251271230714451,17,Visual
372.078431032895,372.5742246048237,0.9787905075419087,21,Visual
176.41777499363553,363.8672763782932,0.6995176588212173,18,Kinesthetic
260.1552372264762,428.12645536450145,0.9199008033322134,16,Visual
328.853606359027,340.0968736487025,0.5942703028746256,24,Kinesthetic
289.84773069785035,418.10751398916796,0.8362302490125144,18,Visual
318.5572936685654,445.9648167030814,0.9885034772194717,17,Visual
269.80074066420894,473.61599343305846,0.5509465504364683,21,Kinesthetic
304.329489373645,393.9907554112028,0.504159971113596,18,Kinesthetic
292.21613823039604,387.77957498938207,0.7167913963163072,14,Visual
358.38910308299035,347.32104479460634,0.5463127415256837,13,Kinesthetic
312.7210421650607,350.3871787576084,0.8741921748381156,14,Visual
316.8801331037601,386.4112664859084,0.9572743319242795,28,Visual
279.4061516938766,422.0419304089707,0.7170104863543794,32,Visual
275.6196887963753,454.815077573995,0.6293558210777205,23,Kinesthetic
278.372090609019,351.8092629591793,0.7172016595033048,26,Visual
319.7226071189148,489.5613141375713,0.8617239089250005,20,Visual
278.95077595898687,383.7325839374459,0.5045270807901855,18,Kinesthetic
314.48874284482065,398.71796233909384,0.7947269947423485,24,Visual
403.77003993227197,355.1672992511306,0.8066458424436895,30,Auditory
343.5562351715846,254.5455843836235,0.8188441234479678,21,Auditory
283.69882339160796,453.04272378166297,0.6210110399904386,10,Kinesthetic
360.06069610819725,444.210633825546,0.8570263616890634,19,Visual
279.5962313489224,383.1203465729072,0.5456957431658882,19,Kinesthetic
198.0937732411073,404.01944303349234,0.5996351682334005,31,Kinesthetic
249.5956844541298,430.95635306224597,0.9387350233272409,20,Visual
206.4604039487072,306.2472485868075,0.8693615753632832,27,Visual
282.42432579793456,368.25683935922234,0.5068727770056727,18,Kinesthetic
300.9209189594776,447.6558807773096,0.6241881301849002,25,Kinesthetic
383.82186561376415,324.742634609845,0.6072032414965822,22,Auditory
316.34636868820814,417.6134759299978,0.6354031640184863,19,Kinesthetic
289.0449735595568,318.6050917225957,0.6237798851399432,19,Kinesthetic
341.47027905917446,427.9857989460116,0.5312631478714229,19,Kinesthetic
189.44323454960573,397.861511062151,0.7294702582984102,18,Visual
311.7807279054283,303.09209104566946,0.8663667373930826,15,Kinesthetic
338.54325969434836,469.8843612674303,0.8033658623587182,21,Visual
226.0706877110079,355.92450539211706,0.8364358342990399,17,Visual
357.1877021603465,351.38485377913713,0.5405745892681195,20,Auditory
316.9248203747207,412.0341518338566,0.9757453550883937,31,Visual
279.2356043049599,468.91824096572293,0.9192459169215124,20,Visual
331.63909330531425,339.0506908612962,0.9025451592478313,20,Visual
413.5346428902198,403.7007909908783,0.9114919025208837,16,Auditory
309.09331275292476,425.7289900198344,0.9663552540663807,14,Visual
312.4110293150168,441.58633643578867,0.7721269830568489,22,Visual
277.0319550229878,410.5864933166335,0.600141008933813,21,Kinesthetic
257.5077815267604,377.97832965500066,0.8083918039262705,23,Visual
341.5167908272123,350.3445867610768,0.8714407468339695,23,Visual
257.1958087045566,405.16863298278247,0.8689586966770126,18,Visual
303.5783118609696,335.6716592808636,0.76072451208344,12,Visual
276.1171276617442,224.71897099032356,0.5342293596667891,14,Kinesthetic
323.9489912873196,426.19358824946005,0.685556469215064,25,Kinesthetic
316.68310526434743,454.23609046517174,0.9603833042316787,18,Visual
351.87699721289493,258.2240538674897,0.792224454878713,25,Auditory
274.49918005726266,339.41615771740373,0.7691659716278567,26,Visual
286.5062532353314,437.14925566031184,0.6344267571910968,15,Kinesthetic
251.06181421088462,523.449728182702,0.6842244599582894,15,Kinesthetic
277.7853369961944,401.2476224605245,0.9476730445765846,20,Visual
318.8650246522426,356.3198235262519,0.8332315237634178,15,Visual
337.8494308322676,389.0262135337096,0.8936935133761664,9,Visual
253.89173379111872,482.49258514889107,0.7271727115338276,21,Visual
343.480296005283,361.2421492525279,0.815123609728079,22,Visual
367.78189294024753,352.04847960098476,0.6241918043716037,30,Auditory
320.6717451611851,371.03538866907803,0.8527304151417432,28,Visual
393.8397906279033,342.80028350447725,0.7138006668516687,17,Auditory
261.3105400448213,407.36021895968776,0.7212727574073727,23,Visual
237.76726483442914,497.4807075081736,0.8246611622884408,17,Visual
211.06398755478608,419.3847563869617,0.9681403107344633,21,Visual
374.8022155744592,384.85878987242273,0.5320031733043105,15,Kinesthetic
332.71828281770286,382.49132386506733,0.9123716186735038,24,Visual
297.22076645447726,306.20855147820055,0.6461915552060966,15,Kinesthetic
313.998431315991,452.9865866288295,0.7219597272531889,22,Visual
243.72554763508117,395.3297681792319,0.5109566643875045,20,Kinesthetic
422.2875989808413,389.17120518456244,0.6505230389171566,18,Auditory
306.4610590987614,591.5864540706916,0.7513156213150652,15,Visual
305.46973973024467,417.92517450194117,0.5280880386737195,19,Kinesthetic
336.2883311949346,354.89253699428895,0.7455478646915825,19,Visual
324.05046158683564,374.4185442276674,0.9635553144292137,21,Visual
311.19420121395655,468.9067425518053,0.5526966090539026,28,Kinesthetic
260.4762772277344,406.7962246322659,0.8822203640377522,20,Visual
323.5734178567998,313.703321300958,0.7048355266879963,23,Auditory
394.1012248237517,455.1537360745122,0.827586857262169,20,Visual
367.27100230774886,359.91135486766035,0.6301182989926146,28,Auditory
379.65933133196984,512.3978665730527,0.5797461312706791,21,Kinesthetic
274.43921617844074,464.8028839428789,0.5802313071356132,20,Kinesthetic
250.51975898707096,373.1606862604749,0.5352459728215724,21,Kinesthetic
293.7106539950176,476.8609817041068,0.5928233524506215,20,Kinesthetic
302.78624561443473,404.0713306316442,0.8321096924944842,12,Visual
354.70957592354745,451.16642050733316,0.9408453059217541,25,Visual
215.37676851425903,429.0839690376685,0.9070628427955809,15,Visual
376.4775159730307,349.2186007005476,0.842567154937242,24,Auditory
292.0996050710505,361.38701006095226,0.5552159317055514,21,Kinesthetic
278.655946502629,461.7976490548697,0.6445937231479749,8,Kinesthetic
249.39478123699163,379.91348007360756,0.6549034376612345,25,Kinesthetic
217.25716640671152,375.7810922054802,0.6249784731988106,25,Kinesthetic
341.1585291980957,342.6926452390388,0.7575028298548616,19,Visual
303.66589835942017,425.4159439356077,0.7677769074398363,19,Visual
235.5019550129473,523.7514951545887,0.6784429875855551,21,Kinesthetic
235.2460613968192,335.9480251447436,0.676894579368218,17,Kinesthetic
283.2107650354936,401.4531674003655,0.9142777989530406,18,Visual
383.45107626446963,484.7332333249258,0.8946464241598429,21,Visual
287.02043243181976,395.2215165252571,0.6538979158403728,17,Kinesthetic
224.8428523440947,427.14230777498403,0.9568942219366297,19,Visual
287.7128467957028,336.2563883111872,0.976407508501253,24,Visual
286.3638215126165,425.6984258324589,0.6633712710150204,11,Kinesthetic
165.15566785292143,388.77134409972706,0.6772124743965274,27,Kinesthetic
297.2852566741094,459.1437997407918,0.7528170767109794,21,Visual
288.45327348956613,471.2431630938851,0.9705604062668367,18,Visual
334.81031824067094,555.3738185211168,0.9381597165711557,21,Visual
392.44780474726724,434.77799039281456,0.5512839812917949,13,Kinesthetic
356.3282514773879,419.54777899493,0.6963653716357081,32,Kinesthetic
286.5555654722585,411.6630580946402,0.7766855948748859,21,Visual
244.6737045629165,378.8100224313587,0.75156623627577,21,Visual
428.667990162493,420.30903060770146,0.5969315339684463,21,Auditory
302.96092170072444,382.27591539165826,0.9294083855840773,19,Visual
300.6964645956473,410.10765857617685,0.8384703914984186,22,Visual
298.79374564449984,479.0558521364776,0.9189541874259017,17,Visual
309.90423803839275,339.60744608322153,0.9293821396747362,27,Visual
292.7819794038029,468.3927136677427,0.8741779268328699,22,Visual
271.3168996559882,479.0269040403919,0.7196053006248586,15,Visual
272.6570529379804,392.91588838053525,0.8052733775077123,20,Visual
298.36233648920006,272.68870605948433,0.5801827030598716,22,Auditory
272.82876144331175,363.53068077433403,0.8368227087374538,18,Visual
264.35771086614176,477.81967279366654,0.5896266278696404,16,Kinesthetic
305.3215113845948,398.62791626206706,0.8469747952550783,16,Visual
287.2511391289572,340.04186606230536,0.6147990803769843,19,Kinesthetic
375.1996494291344,369.71350472630695,0.55877565007511,19,Auditory
167.4515095803494,450.43720159027316,0.5826422450714788,26,Kinesthetic
354.5753425961231,432.80401409208275,0.5009960676095351,20,Kinesthetic
362.30425962488147,385.66407404981834,0.8593698089267652,18,Visual
196.3304883795925,377.99053529111876,0.8662005245291895,22,Visual
282.8656202959826,376.4945110573707,0.7574666749566297,29,Visual
281.4279567002104,344.6553889300898,0.5806814005276919,18,Kinesthetic
229.62441526410893,496.9225413681665,0.5417771687553449,16,Kinesthetic
261.1091656204562,380.6607718473196,0.5095644832186434,23,Kinesthetic
244.47120772670857,473.0295112495298,0.5828740884826104,18,Kinesthetic
387.6135221711811,491.2789631153471,0.9454277674915734,22,Visual
346.7839196573731,459.8986538888776,0.6207684208508408,24,Kinesthetic
363.57775474970794,374.1027812369171,0.6771356636086079,26,Kinesthetic
336.0836032021617,424.2238054201966,0.5526727422406665,30,Kinesthetic
243.54741143913856,398.54826361654506,0.6111806523740851,18,Kinesthetic
273.7739866860113,345.7778883561923,0.7596122853901026,18,Visual
324.4687280613959,419.4615569032962,0.8038763415478263,19,Visual
238.89360955540275,329.25761253041185,0.6226761570831055,16,Kinesthetic
335.6499215086194,471.2607633076938,0.5288660796125586,17,Kinesthetic
287.98373009209325,372.1229621620964,0.6955164345636993,15,Kinesthetic
281.25895962252014,412.06957935237034,0.617101685463167,19,Kinesthetic
335.54799841017456,416.9972722927685,0.6097769616149009,21,Kinesthetic
322.21316557430197,384.46570157775534,0.9799314013567276,15,Visual
281.95169170904603,435.2016280885165,0.808150242962862,22,Visual
357.96649016821243,371.50578060264854,0.778439221586048,23,Visual
245.94683362000512,452.2778378474346,0.707887551761661,20,Visual
330.7967803472132,319.24121918519506,0.7144721667150722,23,Auditory
329.6550628984192,407.5827747727847,0.7704525019190405,20,Visual
284.5226780343005,516.3357399434971,0.8482149035180536,23,Visual
316.3066511121059,339.9801205236655,0.8510730480909148,19,Visual
237.44432118073485,359.3353017685089,0.5858469538527248,23,Kinesthetic
346.20135096034505,430.8344709795349,0.7500563760383134,26,Visual
290.75489317785053,410.77490691637587,0.705979047517051,12,Visual
273.86384897404804,421.03780595641354,0.9352634831346921,19,Visual
352.4504612918445,429.3512278088598,0.8157094606091881,16,Visual
264.782815472862,438.0832881137062,0.766252033207991,21,Visual
229.57693518182202,466.58199051737336,0.5576973210894587,17,Kinesthetic
222.16854132380482,424.58911941571074,0.8028189446617058,26,Visual
330.300497567282,385.5245407228875,0.5586019528401167,15,Kinesthetic
235.97853237518586,440.35442207216386,0.668603287782876,17,Kinesthetic
387.7397090992182,513.9929160937129,0.5714209824071659,20,Kinesthetic
195.9035296058139,392.0419752170456,0.8460368235121845,15,Visual
384.8228184145019,341.5282417197615,0.6031260569180763,29,Auditory
310.55087336013094,466.42484015721834,0.695929686594013,19,Kinesthetic
295.1643444064804,392.7771301627841,0.9478373888093894,13,Visual
272.7540456595525,269.63982723915785,0.6021581916994851,17,Auditory
319.9568057176035,450.8453006290253,0.7539025319793895,9,Visual
298.1182648787576,367.88030884276463,0.709635830583011,24,Visual
355.1650941008261,394.56800306175035,0.5090620205228649,20,Kinesthetic
305.71138243310196,419.9188198341409,0.8963790567864064,19,Visual
307.51508807309386,411.429980786744,0.5345229531572999,24,Kinesthetic
281.8193893893072,442.5671090283424,0.7371275104884768,19,Visual
297.15271881394665,373.8708177658094,0.780339147469475,20,Visual
315.39008844460295,430.78634789056497,0.8142132283072936,18,Visual
214.49158036716872,384.42719934496495,0.8443158146539378,20,Visual
232.59072889471435,444.32862885325017,0.6266361917613575,14,Kinesthetic
337.1632047011357,436.92204904078324,0.5049893883292247,17,Kinesthetic
308.5432719063971,343.87367787732427,0.8617218311774559,11,Visual
290.80083318236603,465.15892697050197,0.7678282996737893,12,Visual
300.92169665326963,367.8421932931571,0.9180588516036243,19,Visual
317.37908526808354,448.4834678968687,0.9106941814503471,17,Visual
273.0120159845319,422.03723880408046,0.9216630838939416,13,Visual
261.08476372988434,510.29102060770737,0.74254732998977,18,Visual
309.79226275488406,386.59204105768885,0.6668141979184328,27,Kinesthetic
251.0813611192484,379.04099223290814,0.895779101295685,13,Visual
320.4126377857236,398.834823646736,0.7256470565146275,31,Visual
214.87081978810798,381.80921302994346,0.5917210982017173,19,Kinesthetic
351.4577818662822,447.99651411652303,0.9274870097807372,17,Visual
323.6298741206522,303.02136349380476,0.9412799383861736,20,Auditory
312.8014867156938,336.77905485121875,0.7331548780700851,25,Visual
349.1345491972757,335.9318247052484,0.5378498636548937,21,Auditory
383.27372222312886,457.01845551841456,0.6939130449584656,21,Kinesthetic
350.7185032509065,502.6368023549155,0.9017688297313017,21,Visual
207.95628843341774,393.7330468877517,0.9508870142731143,24,Visual
236.02115166321494,389.87069660859936,0.601736371248798,18,Kinesthetic
268.75907111521605,404.2031297867909,0.5334868060126358,19,Kinesthetic
301.30455251054167,469.71269815649146,0.9386752265664193,20,Visual
325.88295102345614,344.3588119485656,0.6947024694894377,21,Kinesthetic
263.71280934232675,414.30213896408713,0.7708804821337816,25,Visual
309.3383382238539,458.51185778694577,0.9840329060253794,16,Visual
262.23085338233386,430.0656501963907,0.5332823639571114,17,Kinesthetic
269.4241098504026,411.3748969959246,0.8241590037260478,22,Visual
229.66694515758888,460.0627655540285,0.5370527112874335,21,Kinesthetic
253.8383376944548,237.80606242004578,0.6877344642332501,14,Kinesthetic
232.41576971918332,440.67251917185445,0.9019072725967234,26,Visual
251.20633735113336,360.75545901235455,0.7167361163778172,23,Visual
352.682089830392,290.1620261886126,0.9985911769514753,13,Kinesthetic
252.53005555840286,430.67215597149885,0.7795296424733011,19,Visual
431.61910324186954,482.41951270977745,0.6605810763179767,31,Kinesthetic
324.6658950440445,391.7530891223385,0.6100556629523766,18,Kinesthetic
309.2418061847437,457.1724728321763,0.675260267143081,32,Kinesthetic
257.0821109909393,496.7366954793187,0.6862666368797754,17,Kinesthetic
335.0154939704496,478.89486721504284,0.5343568388619805,23,Kinesthetic
271.21810868811133,498.39787176228356,0.6847870997133866,23,Kinesthetic
306.1004907322681,444.5276494643135,0.7321192598696125,10,Visual
428.00422691343977,404.52601833409557,0.8613688761194023,18,Auditory
295.1970050137675,303.8820512861699,0.828364742360804,20,Visual
357.4636663142838,385.23625071220306,0.8543828276145771,15,Visual
264.84117874370565,349.4052042810285,0.5041818409384285,19,Kinesthetic
298.2505754751519,530.2565630498689,0.608833699790268,22,Kinesthetic
388.5400317817755,389.4468512540598,0.8308421441999283,21,Visual
268.65164711061163,407.39228840706915,0.7419946840898736,22,Visual
390.62242789984646,433.08912256242803,0.502656737834173,21,Kinesthetic
335.38759677277375,402.61614678234724,0.9022473212159112,16,Visual
271.8766612052866,501.7030624258452,0.8864047866451688,19,Visual
331.6203869527761,362.6410382959329,0.7742095814967813,12,Visual
348.6277224813365,411.67644731423457,0.5332316628881361,18,Kinesthetic
331.0904981108598,355.4517648581171,0.8832575247662924,21,Visual
221.48876400547718,320.79864932675764,0.791856793865682,17,Visual
263.64314120875656,363.29385454568285,0.8909799885789795,16,Visual
287.62406822242474,397.7777921770953,0.8758734961979202,23,Visual
296.2783285449977,374.2418665289644,0.9015010359789186,18,Visual
331.0336048775339,358.45474120756865,0.7590040332023125,24,Visual
308.8850500466627,315.62095217969,0.5701622590967574,12,Kinesthetic
233.23278206449493,395.01366564227834,0.8355787366898444,17,Visual
319.00989255029816,309.7167775581399,0.8102368925259853,25,Auditory
330.52928726419117,445.60335782137616,0.8711265935995436,23,Visual
327.989522396552,404.9463851760702,0.5849405030253676,18,Kinesthetic
354.0390362777311,312.54691003210417,0.5974875999501446,24,Auditory
341.6961077274452,381.44745537700817,0.9452047586096642,25,Visual
322.95900396142184,354.870615664565,0.8749888992260354,19,Visual
296.4917144270677,419.15047062515083,0.9541142443501615,16,Visual
216.95195332420042,480.4270267613887,0.8793576605819604,21,Visual
321.4809109566293,287.48965182125534,0.7985776529951509,15,Kinesthetic
310.38438435815556,406.90156474884503,0.8270663685139368,21,Visual
313.5789418597687,390.3920322660016,0.944563961970005,20,Visual
236.16257120898453,440.28040458702793,0.7894033772559703,21,Visual
245.94717297958687,412.79179769426133,0.8161956621641937,21,Visual
352.6576426666452,354.88184009567084,0.5782383580018002,20,Kinesthetic
298.02224230716723,380.8567638600029,0.7369606100580514,16,Visual
334.07503486863123,352.23844859179064,0.8581985559790495,17,Visual
301.41591880652305,464.5604283159159,0.6354713491581827,20,Kinesthetic
301.48780697478725,401.2786989203165,0.6011270902622674,17,Kinesthetic
346.9141902987999,514.0714411451804,0.6569134041122078,26,Kinesthetic
274.1977635891313,396.3603511711228,0.6207503139964168,24,Kinesthetic
304.8060388470492,357.49559398537224,0.6074563185181979,14,Kinesthetic
276.8862355647479,309.1771364432304,0.7124254214340435,25,Visual
278.2751886283842,291.8116194246433,0.953919256941767,22,Visual
284.541393826568,304.9518434196706,0.7535298233693591,20,Visual
311.10668858168566,416.027599060689,0.5939601904076615,22,Kinesthetic
276.06256891682614,430.52350139379604,0.5384858346904371,19,Kinesthetic
362.78780627867604,305.128557878072,0.8480780725689626,21,Auditory
255.26963488902481,453.70229884456694,0.6913993822181939,15,Kinesthetic
290.65641779193203,371.01633689899364,0.9109154732926796,20,Visual
278.01344708629125,408.80758071913294,0.8297553843203851,13,Visual
372.3488942176866,496.73323769532544,0.8981207252706842,22,Visual
309.8277388255787,453.8103589519319,0.6359730197092244,13,Kinesthetic
351.59222697343176,383.8881611256501,0.8461794612305291,16,Visual
225.72198134815142,346.5284664750827,0.6320309923468594,17,Kinesthetic
313.35251329346295,270.8910759202417,0.9695342397251459,29,Auditory
344.4815397811719,356.8508008454548,0.8181871407666872,25,Visual
304.11419946377123,387.33218567033833,0.6622559000876711,17,Kinesthetic
353.27401875326757,340.76922837092894,0.6347559311461364,17,Auditory
274.13557749498136,392.1245819744617,0.5954632925358218,28,Kinesthetic
370.46737200927896,404.6111129775261,0.8473204794468638,23,Visual
414.9449061809625,386.5086410915153,0.6093578064989637,35,Auditory
281.85807197801705,360.9998451505924,0.7976516329637445,25,Visual
277.7248739299614,410.1192803180037,0.6323175134626786,22,Kinesthetic
372.66922385588504,426.51643897416454,0.8309844723969343,27,Visual
378.97860728653563,334.57605535342924,0.9074698642702697,9,Kinesthetic
273.8569986423366,484.6559427847762,0.8890126215723266,25,Visual
278.99065914520713,394.0847120629443,0.8804256654653908,19,Visual
285.9107695569746,401.13097737669085,0.5938612028461261,19,Kinesthetic
232.77747444828614,442.49286539539344,0.5441924734922594,28,Kinesthetic
254.0674026757901,413.9929678758101,0.8494744142436927,17,Visual
249.7929616623966,457.1881980347947,0.6841736068971757,18,Kinesthetic
261.61012174479356,417.2274499121095,0.7161731132016737,18,Visual
298.2657556306609,363.25375752157373,0.5155745463966955,22,Kinesthetic
311.710736626826,421.6902115123661,0.6297882246375246,17,Kinesthetic
377.52502464070386,331.3764275607603,0.516838201937232,14,Kinesthetic
250.08229796306046,406.51358234659136,0.9395928863006238,19,Visual
349.2161199238292,398.0062005613324,0.6216983416092652,12,Kinesthetic
289.3005577887246,387.51298856364764,0.778668584786504,25,Visual
297.52681451737834,392.28774931366416,0.5194896603305652,19,Kinesthetic
333.7409746083302,287.08905727014167,0.833423695652829,26,Auditory
243.86389892188507,367.0765055355423,0.661513672877047,21,Kinesthetic
319.12048730920253,405.5706940684669,0.9489595934788329,19,Visual
308.3226104106528,409.59138351984404,0.944059094467018,21,Visual
324.62256320040746,338.3394915444425,0.6626453091808739,24,Kinesthetic
314.4584321953909,475.94247045188206,0.950480447845234,15,Visual
422.7650069955447,348.02950910712997,0.9980788367493894,15,Kinesthetic
268.1130007874342,458.1674320316042,0.912707832061974,21,Visual
273.45015224990914,425.6316617123011,0.9224356738776145,21,Visual
268.8429736787618,361.2263614093718,0.624504368054545,18,Kinesthetic
272.22614404198725,506.5186535565707,0.7883511994288781,21,Visual
268.13064363467413,328.3817900946112,0.5336279569836839,22,Kinesthetic
359.4508265553776,455.14925041660007,0.5474589684108349,23,Kinesthetic
371.0252123994927,460.0349390825787,0.9994463060166453,16,Visual
271.46268531252616,359.7627874554013,0.6633196247129555,14,Kinesthetic
258.38222134478855,483.5479180038597,0.8740919560244231,22,Visual
323.5707778193202,384.9972091240628,0.9033325265134082,15,Visual
272.38884778595144,417.3216177567914,0.9290116355036147,25,Visual
331.6465908877755,415.61931032627325,0.9988141487010782,22,Visual
310.146151042565,391.9414755117671,0.6207482426284339,11,Kinesthetic
224.21279425013842,448.6484963895869,0.5201754134298499,25,Kinesthetic
377.3752600665031,447.6093232331328,0.705595758997293,22,Visual
389.7938836547761,295.08808160570914,0.5650403349144735,31,Auditory
269.3605654757807,478.26041457268917,0.5112129445810276,21,Kinesthetic
280.6149220032008,300.25048071785955,0.680213413570743,23,Kinesthetic
314.29326953624525,461.95277226049944,0.8918691255376182,16,Visual
316.72283949935127,467.602308209655,0.7830903456125354,27,Visual
332.92721363364154,334.5420141870881,0.6563889946051771,20,Kinesthetic
400.5102269383175,375.3511427227249,0.8271710027463599,14,Kinesthetic
291.1526386252975,333.65771989084385,0.6160090901544053,16,Kinesthetic
260.0851377730773,387.1047381826759,0.5071907230360425,22,Kinesthetic
231.03403859927363,381.51794294885553,0.8821766932182137,24,Visual
263.45349800290404,446.7796319361604,0.8118715424320045,19,Visual
298.34365135631015,478.6185247671765,0.8811513122504799,17,Visual
389.7278931758894,483.74102864739734,0.5194690083438328,21,Kinesthetic
274.1194350481914,366.2699184053019,0.9185598139153262,27,Visual
311.18939758194495,387.4466875753283,0.8097631000181517,27,Visual
299.1788551963624,298.993708466743,0.7816976753563201,19,Auditory
359.4196636724042,351.64779601022866,0.8123070240572658,22,Auditory
426.3466212936811,457.89109798584747,0.932216623434182,15,Visual
273.45656135398394,496.9349694128939,0.7934682532794535,13,Visual
275.5280278740889,325.93906768720467,0.7904751899440896,13,Visual
352.2080438534536,364.4521444508263,0.9953395785328829,24,Visual
334.0945744813156,398.41565458246436,0.878365083534284,14,Visual
392.3353662868017,416.8096695291764,0.7211469027255677,15,Visual
329.1964092662982,351.42378880470125,0.8536985000164639,25,Visual
282.035395460647,425.4436626678454,0.6946152358458942,22,Kinesthetic
329.53274153461547,371.569639175745,0.6144377312417495,22,Kinesthetic
355.4351790291454,399.13286374730325,0.7984259384438797,22,Visual
341.0241090598682,432.77705488022195,0.9640910490569757,26,Visual
325.3637015553649,400.38533618865625,0.9645697600077314,15,Visual
353.3337344794577,373.8168465684059,0.6709526390527452,16,Kinesthetic
358.4647795222836,393.4234117644501,0.7638387331108475,27,Visual
369.10794955187635,394.6982224476799,0.6058179492849306,22,Kinesthetic
332.4354943794821,377.7993382070723,0.9978155547494417,19,Visual
291.6440959841573,384.4722362399739,0.9905589539339679,29,Visual
307.3356843216661,495.918830230283,0.8247544648537237,26,Visual
360.3254483254178,433.6551668764743,0.9022070298387367,16,Visual
259.1532164506382,382.27118091825037,0.85755008064185,17,Visual
318.43366544364505,441.81726427064416,0.7965791095197341,22,Visual
280.33305938363196,379.9708306146394,0.5266739984944488,16,Kinesthetic
301.43724114674086,470.38747825519846,0.7273821712763305,22,Visual
363.92259313036493,422.17853153188565,0.8373931510837053,25,Visual
309.55495340099515,393.56187135974625,0.8387658069418423,22,Visual
302.32182740780746,426.86301554861666,0.6865613092111917,21,Kinesthetic
232.00719295100404,305.74743087589,0.9708459933290152,17,Visual
337.312678301361,332.3939518654117,0.5836785161183905,17,Auditory
332.2742090570538,328.36449961605666,0.7501797231077802,20,Auditory
408.16273616527303,408.5765856858224,0.8454419882754114,32,Visual
284.61108825235,503.95089996910554,0.8485679029459046,17,Visual
310.95751638319695,533.8780087715579,0.8243194783844078,17,Visual
312.46918418553776,438.28306608644544,0.6376441067259301,18,Kinesthetic
378.8726639881737,430.0506684966674,0.5781032843433109,22,Kinesthetic
295.23522338065237,291.93653595083566,0.8179701634133554,25,Auditory
313.95107628851696,367.4395720159587,0.7996510580697189,12,Visual
330.39482548582697,352.73297488550566,0.5896780051446204,14,Kinesthetic
309.33045615781793,362.74914410493307,0.8525695727852817,28,Visual
277.6783192724736,389.9113708849126,0.7275859958668283,25,Visual
309.70449964491536,371.67456533817233,0.8338802958015765,23,Visual
353.6815874929886,281.24201137745274,0.9186835398850753,15,Kinesthetic
248.674235029447,444.874615367052,0.5848642142884616,22,Kinesthetic
306.6484837073438,335.6354184556116,0.5095724339984183,18,Kinesthetic
264.99395925304134,414.35481184666895,0.8895512931978934,25,Visual
359.7523314462421,524.4449601849984,0.804848712576308,24,Visual
223.84065476081128,344.8369245048146,0.8498197848110609,26,Visual
272.0539076364206,248.1827486352202,0.9190774874943213,21,Auditory
318.86059375322606,382.8397466871933,0.9014054674122502,19,Visual
378.27620146171705,466.0575780999143,0.9804600734644123,13,Visual
296.7124869463506,517.5008472532356,0.7679675394260591,26,Visual
272.24002366534006,326.22702433285497,0.7442478163299526,16,Visual
394.0578534720295,429.8019533941913,0.700943599945365,17,Visual
227.59930497918782,372.0813725931968,0.5768455214221022,19,Kinesthetic
190.0597021689959,393.6430987417519,0.7863036164410112,14,Visual
322.00072250266663,558.6606008210221,0.6385062621629893,19,Kinesthetic
274.89728878236946,309.8217802962908,0.9606537561064877,23,Visual
248.93835914346434,415.2243796896744,0.7915954021385487,23,Visual
335.41782236496766,428.06159030592596,0.796420090254055,25,Visual
312.19003568855993,465.1471794963608,0.677462330438505,16,Kinesthetic
271.7960684631636,405.8789892082537,0.5259946759888537,22,Kinesthetic
235.9847800664553,418.4830323702461,0.5158718826864943,19,Kinesthetic
343.62286641400726,376.50108595469254,0.7116675720765988,26,Visual
332.51005889793305,416.1476164747064,0.542282689048619,19,Kinesthetic
295.04120681103086,379.40846347015537,0.8034234777700695,16,Visual
392.3318498023833,437.29431339136306,0.9404865028198287,20,Visual
246.49576168369236,377.82337983738194,0.9414574082593611,24,Visual
223.72374145376307,422.6260236341312,0.8295227050661163,23,Visual
265.4045965059378,398.2442311789013,0.6056159157364656,20,Kinesthetic
297.72069918222513,467.56301504633007,0.931498415679436,19,Visual
312.1669724661346,396.91637658469085,0.9430467176566041,27,Visual
287.9381971071835,293.61805190758713,0.5983267924764794,30,Kinesthetic
317.60276982571486,475.7152900428395,0.8687130428853387,22,Visual
237.4230287904778,345.65606194824284,0.6432597744635615,14,Kinesthetic
372.18823020366295,360.7740196810708,0.9013201561764648,13,Kinesthetic
295.89244108037155,364.26032235739046,0.9986189499518013,19,Visual
355.86479157940636,482.4662855902491,0.5150130026646964,16,Kinesthetic
317.1362673188852,271.8595471612783,0.948682932895466,19,Auditory
322.8376609576892,588.2649120195996,0.8113152667993291,23,Visual
328.4883640116102,463.3634085439631,0.9866913095824106,20,Visual
322.3854280008658,413.3943348477496,0.7325047587632139,17,Visual
332.1361379933772,396.7063599630228,0.9236939652856868,15,Visual
366.4576265066216,417.13324449145944,0.5311970342991386,16,Kinesthetic
309.82605848507353,431.2673457027603,0.6676395250391478,24,Kinesthetic
335.4501878794256,438.7129351570034,0.533508268875605,21,Kinesthetic
295.51321528563864,433.3362679602069,0.9876715667395353,12,Visual
372.0058607724736,405.37484087531493,0.9084869536359184,18,Visual
266.1803848970365,388.15969478156046,0.9262737106229852,22,Visual
390.0470216455408,390.92360298078927,0.9689826157169471,16,Visual
297.99210246778284,388.30550317883916,0.5425517430598927,19,Kinesthetic
228.4612448940976,468.0262058120239,0.6927987962566666,32,Kinesthetic
306.40522074553945,435.6134033368517,0.535517444522001,18,Kinesthetic
265.94741712625597,223.5766819201432,0.6053965507750143,22,Auditory
342.0321774494362,439.3540465917857,0.6146828885188362,14,Kinesthetic
267.36880103488045,411.68417168312646,0.7345536055237893,24,Visual
277.69082833926103,398.87747461324614,0.6342810837268213,17,Kinesthetic
205.52296345272345,376.6888928146669,0.5504890534088805,19,Kinesthetic
277.38468403754615,467.44676319916084,0.5837455445470539,19,Kinesthetic
178.80603366855217,456.85158772737145,0.5736377817760454,20,Kinesthetic
220.80485882571384,353.62733993058345,0.9865383989561491,27,Visual
338.02073280721487,424.4231372274721,0.8796462534592369,24,Visual
339.2900079325416,341.70059592752284,0.9838807326347809,10,Visual
321.27287808924825,317.2229101126642,0.7198702432539543,20,Auditory
251.65119284353935,362.3969665246021,0.6391842408313283,22,Kinesthetic
297.614432192901,451.7436083429655,0.8991465986045933,31,Visual
299.8198730454716,457.1875027225652,0.6631269590205734,14,Kinesthetic
242.08176554037286,430.7851252058376,0.6496916868526741,22,Kinesthetic
375.1699150883575,443.5057472108798,0.6162529961039156,19,Kinesthetic
343.86811452878356,430.9706972268975,0.5648394891121177,12,Kinesthetic
288.9517913085168,361.51110428662287,0.628231530508383,20,Kinesthetic
301.34429194972654,425.91535268043646,0.6776598742369438,20,Kinesthetic
310.41914039737765,448.02457151366093,0.8369971040728652,22,Visual
197.91325657878548,445.25747978881446,0.5312824211097258,26,Kinesthetic
287.64113087397016,471.33480228847856,0.6052534698326715,20,Kinesthetic
265.90078760011005,442.4982308320638,0.9045118201458382,22,Visual
249.91899950525422,421.08689245249496,0.5734609617918853,24,Kinesthetic
285.9449853557023,464.20901429898566,0.6713225732612608,19,Kinesthetic
389.88432634247613,398.4087244450564,0.93232946092907,14,Visual
332.0421430633505,347.08752092633694,0.5774626555717213,21,Kinesthetic
271.4410505108602,390.2159821633742,0.541368417809095,19,Kinesthetic
328.62913906780796,355.30584131161305,0.7422689975400054,26,Visual
